subject_id,group,assay_step,terminal_digit_signal,dominant_value_signal,missing_by_group,baseline_a,baseline_b,notes
S001,A,10.0,20.07,999.0,50.00369046007245,100.0,100.0,routine
S002,A,10.5,21.17,999.0,50.896236612525406,100.1,100.1,routine
S003,A,11.0,22.27,999.0,49.17758643391335,100.2,100.2,routine
S004,A,11.5,23.37,999.0,47.32822448372818,100.3,100.3,routine
S005,A,12.0,24.47,999.0,48.635987644484835,100.4,100.4,routine
S006,A,12.5,25.57,999.0,47.025060335010615,100.5,100.5,routine
S007,A,13.0,26.67,999.0,50.18043080779231,100.6,100.6,routine
S008,A,13.5,27.77,999.0,54.0206457366636,100.7,100.7,routine
S009,A,14.0,28.87,999.0,48.52338044434601,100.8,100.8,routine
S010,A,14.5,29.97,999.0,48.138575300540175,100.9,100.9,routine
S011,A,15.0,30.07,999.0,51.469526150555595,101.0,101.0,routine
S012,A,15.5,31.17,999.0,51.07066102448018,101.1,101.1,routine
S013,A,16.0,32.27,999.0,50.316242746993694,101.2,101.2,routine
S014,A,16.5,33.37,999.0,47.20859586587539,101.3,101.3,routine
S015,A,17.0,34.47,999.0,49.91224453261018,101.4,101.4,routine
S016,A,17.5,35.57,999.0,52.085909583374864,101.5,101.5,routine
S017,A,18.0,36.67,999.0,45.967356358144755,101.6,101.6,routine
S018,A,18.5,37.77,999.0,48.627152716879344,101.7,101.7,routine
S019,A,19.0,38.87,999.0,44.29633178059747,101.8,101.8,routine
S020,A,19.5,39.97,999.0,46.13138678064507,101.9,101.9,routine
S021,B,20.0,40.07,999.0,44.47479488662481,100.0,100.0,routine
S022,B,20.5,41.17,999.0,49.29472660677595,100.1,100.1,routine
S023,B,21.0,42.27,999.0,46.19766055566889,100.2,100.2,routine
S024,B,21.5,43.37,999.0,50.8137930764651,100.3,100.3,routine
S025,B,22.0,44.47,999.0,50.47025325987268,100.4,100.4,routine
S026,B,22.5,45.57,999.0,49.43920716611014,100.5,100.5,routine
S027,B,23.0,46.67,999.0,42.44972086753846,100.6,100.6,routine
S028,B,23.5,47.77,999.0,48.38392131246009,100.7,100.7,routine
S029,B,24.0,48.87,999.0,49.854497163796786,100.8,100.8,routine
S030,B,24.5,49.97,999.0,50.339926958009926,100.9,100.9,routine
S031,B,25.0,50.07,999.0,45.40959270348382,101.0,101.0,routine
S032,B,25.5,51.17,999.0,48.56674017189821,101.1,101.1,routine
S033,B,26.0,52.27,999.0,47.06444276583008,101.2,101.2,routine
S034,B,26.5,53.37,999.0,47.5734882817232,101.3,101.3,routine
S035,B,27.0,54.47,999.0,53.182695870158234,101.4,101.4,routine
S036,B,27.5,55.57,99.1924653246681,49.90243488516344,101.5,101.5,routine
S037,B,28.0,56.67,100.88438986738318,48.24919870177009,101.6,101.6,routine
S038,B,28.5,57.77,99.88829805041584,50.33139242974844,101.7,101.7,routine
S039,B,29.0,58.87,100.06378177425506,46.32483252074692,101.8,101.8,routine
S040,B,29.5,59.97,100.076140230377,54.076470265224614,101.9,101.9,routine
S041,C,30.0,60.07,98.45285532187152,,100.0,100.0,routine
S042,C,30.5,61.17,100.8593826880216,50.35806207708974,100.1,100.1,routine
S043,C,31.0,62.27,99.35852960589278,,100.2,100.2,routine
S044,C,31.5,63.37,102.00041654634242,52.28677913625413,100.3,100.3,routine
S045,C,32.0,64.47,98.80071109789478,,100.4,100.4,routine
S046,C,32.5,65.57,100.07451622877146,51.730068751010556,100.5,100.5,routine
S047,C,33.0,66.67,99.81121787464924,,100.6,100.6,routine
S048,C,33.5,67.77,100.68291026719521,49.80044803955175,100.7,100.7,routine
S049,C,34.0,68.87,100.66724756083433,,100.8,100.8,routine
S050,C,34.5,69.97,101.43852259165615,47.973013246983044,100.9,100.9,routine
S051,C,35.0,70.07,100.20313861038962,,101.0,101.0,routine
S052,C,35.5,71.17,99.53669242346159,50.38180523367749,101.1,101.1,routine
S053,C,36.0,72.27,98.81280547214986,,101.2,101.2,routine
S054,C,36.5,73.37,99.42069840349733,49.41141208158651,101.3,101.3,routine
S055,C,37.0,74.47,100.8987638721004,,101.4,101.4,routine
S056,C,37.5,75.57,101.14522200745414,46.02941662254724,101.5,101.5,routine
S057,C,38.0,76.67,99.20535763401296,,101.6,101.6,routine
S058,C,38.5,77.77,100.64690342257342,44.02274064747652,101.7,101.7,routine
S059,C,39.0,78.87,99.53683013504764,,101.8,101.8,routine
S060,C,39.5,79.97,99.90271307432991,53.77104493186046,101.9,101.9,routine
S006,A,12.5,25.57,999.0,47.025060335010615,100.5,100.5,routine
S007,A,13.0,26.67,999.0,50.18043080779231,100.6,100.6,routine
S008,A,13.5,27.77,999.0,54.0206457366636,100.7,100.7,routine
S009,A,14.0,28.87,999.0,48.52338044434601,100.8,100.8,routine
