subject_id,group,outcome,biomarker,age
C001,A,22.75761560228302,2.3397384322434625,29
C002,A,18.69114631911121,1.3643971161658521,47
C003,A,18.525696423600163,1.8158924161016554,51
C004,A,18.9992183979283,6.215391864607606,65
C005,A,26.094117601824642,1.9432919022578283,63
C006,A,18.28790022970853,1.6047261294867905,39
C007,A,18.78527844654108,3.2176882479162185,29
C008,A,21.41035626914106,5.493887440658936,33
C009,A,19.51691821965418,1.3138842794037346,62
C010,A,19.21086308813711,2.4491452248734364,42
C011,A,15.543731427395775,1.981736980534675,67
C012,A,19.953914127845806,1.1269222709871511,52
C013,A,18.225675108102322,3.925380756791736,49
C014,A,24.66451110476089,2.686604263841233,26
C015,A,22.612354010804655,2.8171364397751573,49
C016,A,19.90342554796027,1.8660880051581366,39
C017,A,22.673524093069375,3.412318872676507,60
C018,A,18.640521793147403,2.0758097639785515,28
C019,A,24.20850543370779,2.5308327423381693,30
C020,A,19.978401757313495,1.5618477944082605,52
C021,A,22.333529416721657,1.47986167400204,53
C022,A,14.83642701870605,5.300313276845606,60
C023,A,21.386720195513718,2.109493028427294,46
C024,A,13.247183530533833,3.1450826769268905,39
C025,A,11.85868422024027,2.6727416548986436,36
C026,A,18.782092489154252,2.180223509020124,39
C027,A,16.40028956960562,2.1085900783659337,52
C028,A,20.65621118284889,3.724904804711397,46
C029,A,28.979026505944198,2.337463104144786,35
C030,A,16.673107274351672,2.5200485719334713,31
C031,A,17.504225654224378,2.748652464289481,54
C032,A,20.821615784258796,4.895195236775964,33
C033,A,21.972053165649424,3.8200193471956796,31
C034,A,19.294375736376967,3.291357632334604,37
C035,A,19.176278678987135,2.050767889637043,61
C036,A,22.809851820482177,1.362083673321081,43
C037,A,22.079630548135594,4.370008551050231,49
C038,A,15.865296671705245,4.40712948507355,25
C039,A,19.683274725536634,2.5336116145457006,37
C040,A,20.1411473946459,3.564208183572617,56
C041,B,15.782061511803558,4.0177479207974764,57
C042,B,21.039356402697454,4.118925079690105,48
C043,B,16.568174091293823,4.3089391486865765,62
C044,B,23.888266831668172,2.164503867466115,35
C045,B,20.77098365042029,5.797846127950953,29
C046,B,20.3572259430762,1.457472062346092,25
C047,B,17.635886588574905,4.1823008534059705,31
C048,B,19.525560704489223,3.4797694427746917,57
C049,B,12.00901482837178,4.207251384821637,63
C050,B,15.474370117907766,6.955301353971464,28
C051,B,21.451359196755018,5.710021201391587,45
C052,B,11.485731832711421,1.53328354922842,28
C053,B,23.386434085924655,1.1684337886707268,60
C054,B,13.015614098504365,4.089589218871131,28
C055,B,23.02695401065707,1.6363919570956538,51
C056,B,16.618011868482704,2.701473340039112,25
C057,B,23.115964337369846,4.136556748430885,55
C058,B,20.5238048303392,1.194946392335816,63
C059,B,13.852660238834044,0.9464943978515752,55
C060,B,24.996594998233817,3.0945716941177945,34
C061,B,25.766828622090447,2.7792829000531434,60
C062,B,19.73678037599917,2.403914533636405,36
C063,B,18.90433491131072,2.771163815289831,56
C064,B,19.360532136117456,1.7678112444311032,60
C065,B,16.099390708885014,1.2753909975761213,44
C066,B,24.39434703902767,2.500954788992206,50
C067,B,17.82843227307925,1.6722092468592753,61
C068,B,19.795238349233294,1.1951352259766082,30
C069,B,16.826814387187824,3.5002714957338923,22
C070,B,17.49570760111921,2.636100352185994,42
C071,B,14.889099393395318,3.3309723831427878,30
C072,B,25.02827725485757,1.657569759359611,62
C073,B,19.383649707175948,1.9561350321702013,61
C074,B,23.863686474915234,1.6495103501557602,39
C075,B,20.05329838765304,1.7448682763468597,36
C076,B,17.222385889188423,2.997276247839665,54
C077,B,18.69325895999099,1.8376961447176288,42
C078,B,17.7590757979884,3.247979609479577,26
C079,B,20.031836396739653,3.221599459267374,52
C080,B,18.49893264129218,7.482601259077992,55
